发布时间,类型/来源,标题,简讯
,Formula 1,Live.ÂSingapore Grand Prix sprint race start delayed by downpour,Follow live text updates and listen to BBC Radio 5 Sports Extra commentary of the sprint race at the Singapore Grand Prix.
17 hours ago,Formula 1,Verstappen on sprint pole after another settings issue,（点击查看详情）
19 hours ago,Formula 1,Mercedes critics think I'm Satan - Wolff,（点击查看详情）
17 hours ago,Formula 1,How to follow Singapore Grand Prix on the BBC,（点击查看详情）
Available fo,BBC Radio 5 Live,"Singapore GP Preview: Software, Sprints & Penalties. Audio, 58 minutesSingapore GP Preview: Software, Sprints & Penalties",（点击查看详情）
23 hours ago,Formula 1,Russell fastest from Leclerc in Singapore practice,（点击查看详情）
1 day ago,Formula 1,Andrew Benson Q&A: Send us your questions,（点击查看详情）
1 day ago,Formula 1,Russell to take further grid penalty this season,George Russell says he will be taking a further grid penalty this season in addition to the one he has been hit with for the Singapore Grand Prix.
1 day ago,Formula 1,F1 heat hazard declared for fourth time this season,（点击查看详情）
1 day ago,Formula 1,Snakes and jungle mind games as F1's Bottas cycles to Singapore GP,（点击查看详情）
1 day ago,Premier League,Ticket rises and more TV packages - why is price of sport increasing?,（点击查看详情）
4 days ago,Formula 1,Wet races and why future of F1 engines appears to be V8 turbos - Q&A,（点击查看详情）
1 day ago,Formula 1,What is the format for F1 sprint races in 2026?,（点击查看详情）
2 days ago,Formula 1,Russell to start from back of Singapore grid after penalty,（点击查看详情）
5 days ago,Formula 1,"Mercedes better 'watch out - Verstappen 'imperious'  in Bahrain GP win. Video, 00:01:35Mercedes better 'watch out - Verstappen 'imperious'  in Bahrain GP win",（点击查看详情）
17 September,Formula 1,"Verstappen easily beats 100 racers in a go-kart. Video, 00:01:24Verstappen easily beats 100 racers in a go-kart",（点击查看详情）
6 September,Formula 1,"Is Antonelli a generational talent? Video, 00:01:28Is Antonelli a generational talent?",（点击查看详情）
13 August,Formula 1,"Would more sprint races be a positive change for Formula 1? Video, 00:03:28Would more sprint races be a positive change for Formula 1?",（点击查看详情）
6 August,Formula 1,"'Verstappen to McLaren!' - Mid-season F1 predictions. Video, 00:02:29'Verstappen to McLaren!' - Mid-season F1 predictions",（点击查看详情）
4 days ago,Formula 1,F1 needs to have hard look at itself - Sainz,"F1 ""needs to have a hard look at"" itself in the wake of unprecedented software glitches that affected the Bahrain Grand Prix in Malaysia, Carlos Sainz says."
Available fo,BBC Sport,"Bahrain GP in Malaysia Review: A New Race Winner for 2026 After Chaotic Opening. Video, 50 minutesBahrain GP in Malaysia Review: A New Race Winner for 2026 After Chaotic Opening",（点击查看详情）
5 days ago,Formula 1,Hamilton & Verstappen bemused after glitch turns F1 into 'Lego race',（点击查看详情）
5 days ago,Formula 1,Verstappen wins in Malaysia after long delays as Russell retires,（点击查看详情）
5 days ago,Formula 1,Dominant Verstappen & superb Hamilton recovery - driver ratings,（点击查看详情）
1 October,Formula 1,Russell says his 'confidence is back and growing',（点击查看详情）
30 September,Formula 1,Ocon to leave Haas putting F1 future in doubt,（点击查看详情）
Available ,BBC Radio 5 Live,"The price of our sport - are fans being priced out? Audio, 83 minutesThe price of our sport - are fans being priced out?",（点击查看详情）
Available fo,BBC Radio 5 Live,"Max Verstappen Special. Audio, 27 minutesMax Verstappen Special",（点击查看详情）
Available ,BBC Sport,"Azerbaijan GP Review: Vettel Gives His Verdict. Video, 50 minutesAzerbaijan GP Review: Vettel Gives His Verdict",（点击查看详情）
Available fo,BBC Sport,"Max Verstappen Overtook Me and 99 Others! Video, 50 minutesMax Verstappen Overtook Me and 99 Others!",（点击查看详情）
Available un,BBC Sport,"Spanish GP Review: Antonelli On Top Again. Video, 50 minutesSpanish GP Review: Antonelli On Top Again",（点击查看详情）
29 September,Formula 1,'I still feel as fast as anybody' - Alonso on why he's staying in F1,Fernando Alonso commits to staying in Formula 1 with Aston Martin for at least one more year. - and explains why to BBC Sport.
29 September,Formula 1,Does Horner have a chance of Ferrari job? F1 Q&A,（点击查看详情）
6 days ago,Formula 1,Verstappen takes first 2026 pole ahead of Hamilton,（点击查看详情）
29 September,Formula 1,Ferrari back Vasseur amid speculation over future,（点击查看详情）
28 September,Formula 1,Norris apologises to Colapinto for ban comments,（点击查看详情）
6 days ago,Formula 1,'Incredible' Red Bull upgrade enlivens F1 in 'roasting hot' Malaysia,（点击查看详情）
27 September,Formula 1,"Horner a distraction for Ferrari, says Vasseur",（点击查看详情）
Available fo,BBC Radio 5 Live,"Episode 1: All at Risk. Audio, 38 minutesEpisode 1: All at Risk",（点击查看详情）
Available fo,BBC Radio 5 Live,"Episode 2: Master v Apprentice. Audio, 32 minutesEpisode 2: Master v Apprentice",（点击查看详情）
Available fo,BBC Radio 5 Live,"Episode 3: Hope and Ambition. Audio, 33 minutesEpisode 3: Hope and Ambition",（点击查看详情）
Available fo,BBC Radio 5 Live,"Episode 4: Flying High. Audio, 40 minutesEpisode 4: Flying High",（点击查看详情）
Available fo,BBC Radio 5 Live,"Episode 5: A Mountain to Climb. Audio, 37 minutesEpisode 5: A Mountain to Climb",（点击查看详情）
Available fo,BBC Radio 5 Live,"Episode 6: A Clean Sheet. Audio, 34 minutesEpisode 6: A Clean Sheet",（点击查看详情）
Available fo,BBC Radio 5 Live,"Episode 7: Shooting for the Stars. Audio, 29 minutesEpisode 7: Shooting for the Stars",（点击查看详情）
Available fo,BBC Radio 5 Live,"Episode 8: Making History. Audio, 38 minutesEpisode 8: Making History",（点击查看详情）
23 September,Formula 1,The moment Antonelli knew he had been transformed as an F1 driver,"Championship leader Kimi Antonelli tells BBC Sport how he is ""still finding my way"" in F1 after a 2024 crash ""stayed in my head for a very long time""."
9 September,Formula 1,"McLaren talks, 'numb' cars and being 'captain of the ship' - Verstappen Q&A",（点击查看详情）
5 September,Formula 1,Antonelli 'disrupting rules of fandom' in Ferrari's Italy,（点击查看详情）
19 August,Formula 1,Antonelli - the boy 'born in a garage' who started driving on dad's lap,（点击查看详情）
17 August,Formula 1,Dutch GP in pictures as F1 prepares for Zandvoort farewell,（点击查看详情）
6 July,Formula 1,The personal story of a dad who took his autistic son to the British Grand Prix,（点击查看详情）
29 July,Formula 1,Five things we've learned from first half of F1 season,（点击查看详情）
Available fo,BBC Four,"Episode 1. Video, 26 minutesEpisode 1",（点击查看详情）
Available fo,BBC Four,"Episode 2. Video, 27 minutesEpisode 2",（点击查看详情）
Available fo,BBC Four,"Episode 3. Video, 23 minutesEpisode 3",（点击查看详情）
Available fo,BBC Four,"Episode 4. Video, 26 minutesEpisode 4",（点击查看详情）
Available fo,BBC Four,"Episode 5. Video, 26 minutesEpisode 5",（点击查看详情）
5 March,Formula 1,Why has Turn Six at Australian GP been renamed?,（点击查看详情）
28 February,Formula 1,Which tyres will be used in F1 in 2026?,（点击查看详情）
17 February,Formula 1,What is sandbagging in F1?,（点击查看详情）
10 December 2025,Formula 1,When does the 2026 F1 season start?,（点击查看详情）
3 December 2025,Formula 1,What is next for Red Bull's Yuki Tsunoda?,（点击查看详情）
,iPlayer,The hit hysterical historical adult comedy returns with a new series,Three siblings attempt to run the first city free of godly influence in ancient Greece
,BBC Radio 4,Spores for thought: Can mushroom gummies really sharpen your mind?,（点击查看详情）
,iPlayer,Beyond the Castle: Hannah Fry explores What's Next,（点击查看详情）
,Sounds,"Martin Lewis answers your questions on investing, energy and pensions",（点击查看详情）
,iPlayer,Suranne Jones returns: A new case with even higher stakes,（点击查看详情）
,Sounds,Royal Oak FC icon Parksey retires from Sunday League,（点击查看详情）
,iPlayer,The long shift behind our modern obsession with hard work,（点击查看详情）
,Formula 1,Instagram,（点击查看详情）
,Formula 1,TikTok,（点击查看详情）
,Formula 1,Facebook,（点击查看详情）
,Formula 1,X,（点击查看详情）
,Formula 1,YouTube,（点击查看详情）
